{"cameraMode":{"drawMode":0,"name":"Shaded","section":"Shading Mode"},"sceneLighting":false,"audioPlay":false,"sceneViewState":{"showFog":true,"showMaterialUpdate":true,"showSkybox":false,"showFlares":true,"showImageEffects":true,"showParticleSystems":true},"in2DMode":false,"pivot":{"x":20.035730361938478,"y":-6.654121398925781,"z":4.865550518035889},"rotation":{"x":-0.1237959936261177,"y":-0.6071141958236694,"z":0.09636382758617401,"w":-0.7791769504547119},"size":24.730504989624025,"orthographic":false}