{"cameraMode":{"drawMode":0,"name":"Shaded","section":"Shading Mode"},"sceneLighting":false,"audioPlay":false,"sceneViewState":{"showFog":true,"showMaterialUpdate":true,"showSkybox":false,"showFlares":true,"showImageEffects":true,"showParticleSystems":true},"in2DMode":false,"pivot":{"x":81.28277587890625,"y":-55.84304428100586,"z":-118.68221282958985},"rotation":{"x":-0.05725223571062088,"y":-0.9343597888946533,"z":0.17494864761829377,"w":-0.30559462308883669},"size":188.8232421875,"orthographic":false}