{"cameraMode":{"drawMode":0,"name":"Shaded","section":"Shading Mode"},"sceneLighting":false,"audioPlay":false,"sceneViewState":{"showFog":true,"showMaterialUpdate":true,"showSkybox":false,"showFlares":true,"showImageEffects":true,"showParticleSystems":true},"in2DMode":false,"pivot":{"x":78.77523040771485,"y":-25.84596824645996,"z":175.7899169921875},"rotation":{"x":0.06561540812253952,"y":0.21545375883579255,"z":-0.014389113523066044,"w":0.9744756817817688},"size":225.13162231445313,"orthographic":false}