{"cameraMode":{"drawMode":0,"name":"Shaded","section":"Shading Mode"},"sceneLighting":false,"audioPlay":false,"sceneViewState":{"showFog":true,"showMaterialUpdate":true,"showSkybox":false,"showFlares":true,"showImageEffects":true,"showParticleSystems":true},"in2DMode":false,"pivot":{"x":2.7793543338775636,"y":-0.8720206618309021,"z":-0.4956040382385254},"rotation":{"x":-0.04205361008644104,"y":-0.9085332155227661,"z":0.09406612813472748,"w":-0.40528345108032229},"size":7.783566951751709,"orthographic":false}