{"cameraMode":{"drawMode":0,"name":"Shaded","section":"Shading Mode"},"sceneLighting":false,"audioPlay":false,"sceneViewState":{"showFog":true,"showMaterialUpdate":true,"showSkybox":false,"showFlares":true,"showImageEffects":true,"showParticleSystems":true},"in2DMode":false,"pivot":{"x":-3.5410823822021486,"y":-8.66598129272461,"z":-14.615304946899414},"rotation":{"x":0.01843210868537426,"y":-0.9738911986351013,"z":0.2091488093137741,"w":0.08775608241558075},"size":37.60722351074219,"orthographic":false}