{"cameraMode":{"drawMode":0,"name":"Shaded","section":"Shading Mode"},"sceneLighting":false,"audioPlay":false,"sceneViewState":{"showFog":true,"showMaterialUpdate":true,"showSkybox":false,"showFlares":true,"showImageEffects":true,"showParticleSystems":true},"in2DMode":false,"pivot":{"x":-0.5981847643852234,"y":0.3422226905822754,"z":-0.30974239110946658},"rotation":{"x":-0.08939560502767563,"y":0.6498116850852966,"z":-0.0773637592792511,"w":-0.750864565372467},"size":8.534210205078125,"orthographic":false}