{"cameraMode":{"drawMode":0,"name":"Shaded","section":"Shading Mode"},"sceneLighting":false,"audioPlay":false,"sceneViewState":{"showFog":true,"showMaterialUpdate":true,"showSkybox":false,"showFlares":true,"showImageEffects":true,"showParticleSystems":true},"in2DMode":false,"pivot":{"x":6.206573486328125,"y":1.5160737037658692,"z":2.019141912460327},"rotation":{"x":0.0032838196493685247,"y":-0.8732476234436035,"z":-0.006061513442546129,"w":-0.4873758554458618},"size":22.0,"orthographic":false}