{"cameraMode":{"drawMode":0,"name":"Shaded","section":"Shading Mode"},"sceneLighting":false,"audioPlay":false,"sceneViewState":{"showFog":true,"showMaterialUpdate":true,"showSkybox":false,"showFlares":true,"showImageEffects":true,"showParticleSystems":true},"in2DMode":false,"pivot":{"x":-27.835994720458986,"y":-6.4666314125061039,"z":-13.219325065612793},"rotation":{"x":-0.0510014146566391,"y":0.8771888017654419,"z":-0.09563934803009033,"w":-0.46777647733688357},"size":46.983421325683597,"orthographic":false}