{"cameraMode":{"drawMode":0,"name":"Shaded","section":"Shading Mode"},"sceneLighting":true,"audioPlay":false,"sceneViewState":{"showFog":true,"showMaterialUpdate":true,"showSkybox":true,"showFlares":true,"showImageEffects":true,"showParticleSystems":true},"in2DMode":false,"pivot":{"x":0.004223228432238102,"y":1.0225204229354859,"z":-8.08077335357666},"rotation":{"x":0.0071958755142986778,"y":-0.018191613256931306,"z":0.0006541564362123609,"w":0.9999959468841553},"size":1.8452343940734864,"orthographic":false}