{"cameraMode":{"drawMode":0,"name":"Shaded","section":"Shading Mode"},"sceneLighting":false,"audioPlay":false,"sceneViewState":{"showFog":true,"showMaterialUpdate":true,"showSkybox":false,"showFlares":true,"showImageEffects":true,"showParticleSystems":true},"in2DMode":false,"pivot":{"x":-33.62860107421875,"y":-7.199254512786865,"z":277.6802978515625},"rotation":{"x":-0.11139354109764099,"y":0.1218157410621643,"z":-0.014101805165410042,"w":-0.9862962365150452},"size":915.7054443359375,"orthographic":false}