{"cameraMode":{"drawMode":0,"name":"Shaded","section":"Shading Mode"},"sceneLighting":false,"audioPlay":false,"sceneViewState":{"showFog":true,"showMaterialUpdate":true,"showSkybox":false,"showFlares":true,"showImageEffects":true,"showParticleSystems":true},"in2DMode":false,"pivot":{"x":122.6904067993164,"y":-4.907341003417969,"z":-216.6508331298828},"rotation":{"x":-0.008542581461369992,"y":-0.977365255355835,"z":0.03805678337812424,"w":-0.20852817595005036},"size":560.7596435546875,"orthographic":false}