{"cameraMode":{"drawMode":0,"name":"Shaded","section":"Shading Mode"},"sceneLighting":false,"audioPlay":false,"sceneViewState":{"showFog":true,"showMaterialUpdate":true,"showSkybox":false,"showFlares":true,"showImageEffects":true,"showParticleSystems":true},"in2DMode":false,"pivot":{"x":5.148229122161865,"y":-2.8249783515930177,"z":-12.6740083694458},"rotation":{"x":0.00725296838209033,"y":0.992732048034668,"z":-0.08118759840726853,"w":0.08868100494146347},"size":32.19036102294922,"orthographic":false}