{"cameraMode":{"drawMode":0,"name":"Shaded","section":"Shading Mode"},"sceneLighting":false,"audioPlay":false,"sceneViewState":{"showFog":true,"showMaterialUpdate":true,"showSkybox":false,"showFlares":true,"showImageEffects":true,"showParticleSystems":true},"in2DMode":false,"pivot":{"x":20.001842498779298,"y":13.852478981018067,"z":-8.928196907043457},"rotation":{"x":0.015389698557555676,"y":-0.96852707862854,"z":0.06291404366493225,"w":0.2407958060503006},"size":52.26756286621094,"orthographic":false}