{"cameraMode":{"drawMode":0,"name":"Shaded","section":"Shading Mode"},"sceneLighting":false,"audioPlay":false,"sceneViewState":{"showFog":true,"showMaterialUpdate":true,"showSkybox":false,"showFlares":true,"showImageEffects":true,"showParticleSystems":true},"in2DMode":false,"pivot":{"x":31.208656311035158,"y":19.14739227294922,"z":200.243408203125},"rotation":{"x":-0.37345582246780398,"y":-0.08439663052558899,"z":0.03376678004860878,"w":-0.9233685731887817},"size":16.632892608642579,"orthographic":false}