{"cameraMode":{"drawMode":0,"name":"Shaded","section":"Shading Mode"},"sceneLighting":false,"audioPlay":false,"sceneViewState":{"showFog":true,"showMaterialUpdate":true,"showSkybox":false,"showFlares":true,"showImageEffects":true,"showParticleSystems":true},"in2DMode":false,"pivot":{"x":1.9437626600265504,"y":0.021446555852890016,"z":2.215867519378662},"rotation":{"x":0.04039517045021057,"y":0.36984580755233767,"z":-0.016098711639642717,"w":0.9280879497528076},"size":13.640356063842774,"orthographic":false}