{"cameraMode":{"drawMode":0,"name":"Shaded","section":"Shading Mode"},"sceneLighting":false,"audioPlay":false,"sceneViewState":{"showFog":true,"showMaterialUpdate":true,"showSkybox":false,"showFlares":true,"showImageEffects":true,"showParticleSystems":true},"in2DMode":false,"pivot":{"x":-0.033023715019226077,"y":0.5614721775054932,"z":-4.292642116546631},"rotation":{"x":0.018929213285446168,"y":-0.8801650404930115,"z":0.035123441368341449,"w":0.4731201231479645},"size":3.4249019622802736,"orthographic":false}